{
  "type": "FeatureCollection",
  "features": [
    {
      "type": "Feature",
      "properties": {
        "adcode": 460301,
        "name": "西沙区",
        "center": [112.3386402, 16.8310066],
        "childrenNum": 0,
        "level": "district",
        "subFeatureIndex": 0,
        "acroutes": [100000, 460000, 460300]
      },
      "geometry": {
        "type": "MultiPolygon",
        "coordinates": [
          [
            [
              [111.463052, 17.077756],
              [111.45006, 17.091437],
              [111.542012, 17.120025],
              [111.559111, 17.087748],
              [111.493731, 17.058693],
              [111.53824, 17.094204],
              [111.523487, 17.103887],
              [111.463052, 17.077756]
            ]
          ],
          [
            [
              [117.708249, 15.1825],
              [117.715206, 15.222693],
              [117.748567, 15.229831],
              [117.782766, 15.187466],
              [117.839094, 15.159218],
              [117.784946, 15.168997],
              [117.744628, 15.217727],
              [117.720822, 15.195381],
              [117.725181, 15.131277],
              [117.827527, 15.111716],
              [117.726858, 15.105506],
              [117.708249, 15.1825]
            ]
          ],
          [
            [
              [111.734466, 16.197343],
              [111.793644, 16.225757],
              [111.784926, 16.253085],
              [111.684927, 16.256945],
              [111.782495, 16.273772],
              [111.821975, 16.238418],
              [111.800433, 16.208153],
              [111.734466, 16.197343]
            ]
          ],
          [
            [
              [111.649471, 16.25571],
              [111.681658, 16.254629],
              [111.598843, 16.19827],
              [111.606638, 16.177884],
              [111.690795, 16.210933],
              [111.610997, 16.15626],
              [111.568248, 16.162748],
              [111.577804, 16.208462],
              [111.649471, 16.25571]
            ]
          ],
          [
            [
              [111.738992, 16.458775],
              [111.765815, 16.495323],
              [111.744441, 16.551904],
              [111.786687, 16.520147],
              [111.752068, 16.45569],
              [111.738992, 16.458775]
            ]
          ],
          [
            [
              [111.974446, 16.323782],
              [112.002862, 16.350788],
              [112.074864, 16.349708],
              [112.056591, 16.312978],
              [111.995737, 16.306959],
              [111.974446, 16.323782]
            ]
          ],
          [
            [
              [112.2327, 16.996265],
              [112.293303, 16.967811],
              [112.222558, 16.960582],
              [112.2327, 16.996265]
            ]
          ],
          [
            [
              [112.476537, 16.001428],
              [112.44854, 16.005293],
              [112.462203, 16.044089],
              [112.588103, 16.070824],
              [112.61216, 16.039297],
              [112.569914, 16.011167],
              [112.476537, 16.001428]
            ]
          ],
          [
            [
              [112.409312, 16.295228],
              [112.529093, 16.318226],
              [112.538816, 16.289054],
              [112.475866, 16.2889],
              [112.383579, 16.265899],
              [112.409312, 16.295228]
            ]
          ],
          [
            [
              [112.348877, 16.911815],
              [112.302272, 16.963043],
              [112.333956, 16.962582],
              [112.348877, 16.911815]
            ]
          ],
          [
            [
              [111.499934, 16.451835],
              [111.533211, 16.461243],
              [111.546035, 16.434714],
              [111.499934, 16.451835]
            ]
          ],
          [
            [
              [111.576127, 16.482987],
              [111.592472, 16.490697],
              [111.614266, 16.440267],
              [111.57839, 16.447362],
              [111.576127, 16.482987]
            ]
          ],
          [
            [
              [111.69046, 16.58751],
              [111.716947, 16.594291],
              [111.724491, 16.560228],
              [111.69046, 16.58751]
            ]
          ],
          [
            [
              [112.507551, 16.466023],
              [112.499588, 16.493627],
              [112.575362, 16.537259],
              [112.586678, 16.525543],
              [112.507551, 16.466023]
            ]
          ],
          [
            [
              [111.761708, 16.061707],
              [111.829603, 16.070979],
              [111.791381, 16.028788],
              [111.761708, 16.061707]
            ]
          ],
          [
            [
              [114.703168, 16.170316],
              [114.704677, 16.199351],
              [114.802916, 16.214948],
              [114.81616, 16.198579],
              [114.703168, 16.170316]
            ]
          ],
          [
            [
              [114.212981, 16.040688],
              [114.306442, 16.057689],
              [114.307783, 16.034197],
              [114.212981, 16.040688]
            ]
          ],
          [
            [
              [112.993212, 19.472233],
              [112.993631, 19.526048],
              [113.029087, 19.528928],
              [113.038811, 19.480572],
              [112.993212, 19.472233]
            ]
          ],
          [
            [
              [113.83218, 19.158389],
              [113.799574, 19.199096],
              [113.806782, 19.223241],
              [113.875935, 19.236907],
              [113.92036, 19.223545],
              [113.91466, 19.172212],
              [113.874007, 19.151402],
              [113.83218, 19.158389]
            ]
          ],
          [
            [
              [116.694849, 16.345541],
              [116.718067, 16.37347],
              [116.74774, 16.360509],
              [116.747572, 16.321621],
              [116.713541, 16.296772],
              [116.694849, 16.345541]
            ]
          ],
          [
            [
              [114.448351, 16.034043],
              [114.465451, 16.067424],
              [114.521611, 16.056452],
              [114.448351, 16.034043]
            ]
          ],
          [
            [
              [115.361837, 13.949036],
              [115.423446, 13.977439],
              [115.438533, 13.943417],
              [115.397629, 13.925],
              [115.361837, 13.949036]
            ]
          ],
          [
            [
              [112.226497, 16.759279],
              [112.210823, 16.795923],
              [112.262121, 16.778064],
              [112.226497, 16.759279]
            ]
          ],
          [
            [
              [112.233622, 15.696049],
              [112.203614, 15.714162],
              [112.251811, 15.743108],
              [112.233622, 15.696049]
            ]
          ],
          [
            [
              [114.926217, 16.03667],
              [114.911045, 16.002046],
              [114.895538, 16.036206],
              [114.926217, 16.03667]
            ]
          ],
          [
            [
              [113.938549, 15.835182],
              [113.970569, 15.839359],
              [113.973335, 15.80563],
              [113.938549, 15.835182]
            ]
          ],
          [
            [
              [112.646275, 16.385659],
              [112.659938, 16.426694],
              [112.681815, 16.400932],
              [112.646275, 16.385659]
            ]
          ],
          [
            [
              [114.61021, 15.649289],
              [114.610965, 15.615373],
              [114.581292, 15.62544],
              [114.61021, 15.649289]
            ]
          ]
        ]
      }
    },
    {
      "type": "Feature",
      "properties": {
        "adcode": 460302,
        "name": "南沙区",
        "center": [112.891018, 9.543575],
        "centroid": [113.343872, 8.21455],
        "childrenNum": 0,
        "level": "district",
        "subFeatureIndex": 1,
        "acroutes": [100000, 460000, 460300]
      },
      "geometry": {
        "type": "MultiPolygon",
        "coordinates": [
          [
            [
              [113.265967, 8.126199],
              [113.294131, 8.176184],
              [113.349369, 8.231098],
              [113.354063, 8.303985],
              [113.38625, 8.289345],
              [113.38625, 8.238419],
              [113.349788, 8.172364],
              [113.289939, 8.121901],
              [113.342915, 8.193694],
              [113.265967, 8.126199]
            ]
          ],
          [
            [
              [113.896974, 7.607039],
              [113.921534, 7.638918],
              [114.029077, 7.669838],
              [114.095044, 7.720994],
              [114.207532, 7.782501],
              [114.268219, 7.870763],
              [114.414655, 7.952794],
              [114.472576, 7.969039],
              [114.540722, 7.945626],
              [114.555056, 7.891152],
              [114.540471, 7.862001],
              [114.46411, 7.815004],
              [114.420103, 7.765771],
              [114.403758, 7.675894],
              [114.368469, 7.638599],
              [114.29018, 7.617241],
              [114.157575, 7.561449],
              [114.058917, 7.537855],
              [113.987166, 7.536261],
              [113.919438, 7.566869],
              [113.896974, 7.607039]
            ]
          ],
          [
            [
              [113.977023, 8.872765],
              [114.041231, 8.844004],
              [114.063024, 8.795059],
              [114.047517, 8.776942],
              [114.014827, 8.835741],
              [113.977023, 8.872765]
            ]
          ],
          [
            [
              [113.955817, 8.84035],
              [113.977526, 8.841303],
              [114.011893, 8.798556],
              [113.975179, 8.792834],
              [113.955817, 8.84035]
            ]
          ],
          [
            [
              [114.194289, 8.764545],
              [114.222033, 8.784729],
              [114.249359, 8.730531],
              [114.210298, 8.71241],
              [114.194289, 8.764545]
            ]
          ],
          [
            [
              [114.689757, 10.345724],
              [114.703504, 10.37404],
              [114.745247, 10.374356],
              [114.725968, 10.319145],
              [114.689757, 10.345724]
            ]
          ],
          [
            [
              [114.617335, 9.965501],
              [114.685817, 9.979122],
              [114.672154, 9.927802],
              [114.641979, 9.917347],
              [114.617335, 9.965501]
            ]
          ],
          [
            [
              [115.837523, 9.709605],
              [115.8708, 9.778708],
              [115.92562, 9.781561],
              [115.894857, 9.657451],
              [115.86728, 9.650158],
              [115.861245, 9.694229],
              [115.837523, 9.709605]
            ]
          ],
          [
            [
              [113.769398, 7.637005],
              [113.83151, 7.644656],
              [113.83394, 7.616285],
              [113.773673, 7.601779],
              [113.769398, 7.637005]
            ]
          ],
          [
            [
              [109.463996, 7.34459],
              [109.535914, 7.448727],
              [109.653013, 7.559536],
              [109.722333, 7.575796],
              [109.816465, 7.572608],
              [109.904812, 7.551565],
              [109.948735, 7.523028],
              [109.939095, 7.504534],
              [109.791905, 7.524622],
              [109.709341, 7.510911],
              [109.654102, 7.479502],
              [109.571538, 7.373457],
              [109.513283, 7.320186],
              [109.464247, 7.315082],
              [109.463996, 7.34459]
            ]
          ],
          [
            [
              [116.273478, 8.879597],
              [116.306001, 8.917251],
              [116.332069, 8.901046],
              [116.294182, 8.858146],
              [116.273478, 8.879597]
            ]
          ],
          [
            [
              [112.537475, 8.846388],
              [112.598329, 8.858941],
              [112.639821, 8.818579],
              [112.570752, 8.815401],
              [112.537475, 8.846388]
            ]
          ],
          [
            [
              [115.180112, 8.3767],
              [115.267454, 8.366677],
              [115.26276, 8.343447],
              [115.194362, 8.35538],
              [115.180112, 8.3767]
            ]
          ],
          [
            [
              [114.469307, 10.836069],
              [114.554721, 10.901136],
              [114.587411, 10.909032],
              [114.593362, 10.856444],
              [114.565198, 10.836543],
              [114.513229, 10.848705],
              [114.475174, 10.81443],
              [114.469307, 10.836069]
            ]
          ],
          [
            [
              [116.488648, 10.395869],
              [116.542294, 10.420069],
              [116.514884, 10.349362],
              [116.637934, 10.364865],
              [116.644723, 10.334966],
              [116.566518, 10.304431],
              [116.467022, 10.308861],
              [116.461825, 10.349204],
              [116.488648, 10.395869]
            ]
          ],
          [
            [
              [115.501735, 9.916714],
              [115.524283, 9.933822],
              [115.581281, 9.917189],
              [115.548507, 9.86887],
              [115.513134, 9.877108],
              [115.501735, 9.916714]
            ]
          ],
          [
            [
              [115.435935, 9.393705],
              [115.45622, 9.416868],
              [115.47005, 9.359116],
              [115.450017, 9.345311],
              [115.435935, 9.393705]
            ]
          ],
          [
            [
              [114.669975, 8.210247],
              [114.726638, 8.210566],
              [114.741558, 8.189396],
              [114.691182, 8.185098],
              [114.669975, 8.210247]
            ]
          ],
          [
            [
              [114.507781, 8.120309],
              [114.595961, 8.158197],
              [114.62446, 8.149441],
              [114.595709, 8.120627],
              [114.530161, 8.103274],
              [114.507781, 8.120309]
            ]
          ],
          [
            [
              [113.894711, 8.00503],
              [113.939974, 8.018247],
              [113.970653, 7.944671],
              [113.905105, 7.963624],
              [113.894711, 8.00503]
            ]
          ],
          [
            [
              [113.638134, 8.976823],
              [113.719189, 9.020026],
              [113.730672, 9.003825],
              [113.654563, 8.961891],
              [113.638134, 8.976823]
            ]
          ],
          [
            [
              [116.457299, 9.174688],
              [116.490492, 9.183896],
              [116.481858, 9.136902],
              [116.457299, 9.174688]
            ]
          ],
          [
            [
              [112.583577, 4.97013],
              [112.603694, 4.994001],
              [112.641413, 4.986471],
              [112.630852, 4.94738],
              [112.603191, 4.93985],
              [112.583577, 4.97013]
            ]
          ],
          [
            [
              [114.619766, 11.432029],
              [114.61985, 11.515873],
              [114.661844, 11.522648],
              [114.65254, 11.437073],
              [114.619766, 11.432029]
            ]
          ],
          [
            [
              [114.697133, 11.004551],
              [114.710545, 11.039751],
              [114.766537, 11.110296],
              [114.799563, 11.105089],
              [114.79336, 11.076367],
              [114.710293, 11.002183],
              [114.697133, 11.004551]
            ]
          ],
          [
            [
              [114.910626, 10.863077],
              [114.934012, 10.902873],
              [114.960165, 10.901926],
              [114.930911, 10.841756],
              [114.910626, 10.863077]
            ]
          ],
          [
            [
              [113.93922, 8.874989],
              [113.932179, 8.841462],
              [113.893621, 8.862596],
              [113.912062, 8.88913],
              [113.93922, 8.874989]
            ]
          ],
          [
            [
              [109.936329, 7.848301],
              [109.952842, 7.888604],
              [110.032975, 7.944512],
              [110.078071, 7.949449],
              [110.082849, 7.896568],
              [110.059463, 7.853399],
              [109.988298, 7.812614],
              [109.948064, 7.815641],
              [109.936329, 7.848301]
            ]
          ],
          [
            [
              [112.010909, 3.849866],
              [112.036977, 3.878907],
              [112.05525, 3.840239],
              [112.010909, 3.849866]
            ]
          ],
          [
            [
              [116.726952, 11.50169],
              [116.738184, 11.51477],
              [116.772132, 11.445585],
              [116.765007, 11.430295],
              [116.726952, 11.50169]
            ]
          ],
          [
            [
              [113.846094, 10.018873],
              [113.856572, 10.122108],
              [113.872498, 10.1229],
              [113.865373, 10.003195],
              [113.846094, 10.018873]
            ]
          ],
          [
            [
              [114.791767, 8.161062],
              [114.811968, 8.110438],
              [114.777099, 8.1141],
              [114.791767, 8.161062]
            ]
          ],
          [
            [
              [112.613668, 5.038216],
              [112.662704, 5.02524],
              [112.641413, 5.005215],
              [112.613668, 5.038216]
            ]
          ],
          [
            [
              [115.282626, 10.191758],
              [115.333338, 10.200305],
              [115.290756, 10.171339],
              [115.282626, 10.191758]
            ]
          ],
          [
            [
              [115.977254, 9.322143],
              [115.999299, 9.293736],
              [115.942971, 9.269612],
              [115.926374, 9.311193],
              [115.977254, 9.322143]
            ]
          ],
          [
            [
              [113.660262, 9.231043],
              [113.697228, 9.225804],
              [113.677027, 9.202787],
              [113.660262, 9.231043]
            ]
          ],
          [
            [
              [114.665784, 7.589983],
              [114.677938, 7.610387],
              [114.724207, 7.60688],
              [114.687913, 7.564637],
              [114.665784, 7.589983]
            ]
          ],
          [
            [
              [114.688835, 11.469226],
              [114.720603, 11.49192],
              [114.730578, 11.428877],
              [114.688835, 11.469226]
            ]
          ],
          [
            [
              [117.770864, 10.773516],
              [117.801626, 10.839544],
              [117.832808, 10.836543],
              [117.835825, 10.803689],
              [117.798693, 10.753294],
              [117.770864, 10.773516]
            ]
          ],
          [
            [
              [114.493028, 10.71727],
              [114.539297, 10.793579],
              [114.562767, 10.778255],
              [114.493028, 10.71727]
            ]
          ],
          [
            [
              [116.638269, 10.504199],
              [116.699207, 10.517481],
              [116.708511, 10.492815],
              [116.638269, 10.504199]
            ]
          ],
          [
            [
              [114.242486, 10.241769],
              [114.265034, 10.275317],
              [114.312477, 10.300792],
              [114.326307, 10.284653],
              [114.263106, 10.239712],
              [114.242486, 10.241769]
            ]
          ],
          [
            [
              [115.257898, 8.509683],
              [115.296037, 8.510956],
              [115.26846, 8.477873],
              [115.257898, 8.509683]
            ]
          ],
          [
            [
              [110.459794, 8.116328],
              [110.461638, 8.128269],
              [110.568175, 8.172523],
              [110.599775, 8.156923],
              [110.554344, 8.093562],
              [110.471193, 8.072067],
              [110.459794, 8.116328]
            ]
          ],
          [
            [
              [113.222044, 8.073978],
              [113.269822, 8.11999],
              [113.283485, 8.110915],
              [113.222044, 8.073978]
            ]
          ],
          [
            [
              [112.46279, 5.029886],
              [112.499085, 5.034531],
              [112.506545, 5.005215],
              [112.46279, 5.029886]
            ]
          ],
          [
            [
              [114.066545, 10.917875],
              [114.096553, 10.947717],
              [114.090685, 10.902716],
              [114.066545, 10.917875]
            ]
          ],
          [
            [
              [117.257877, 10.320569],
              [117.274641, 10.358221],
              [117.299285, 10.314082],
              [117.257877, 10.320569]
            ]
          ],
          [
            [
              [112.346027, 8.926148],
              [112.385004, 8.947117],
              [112.392715, 8.919475],
              [112.346027, 8.926148]
            ]
          ],
          [
            [
              [115.50953, 8.490757],
              [115.51414, 8.519385],
              [115.558901, 8.523043],
              [115.554291, 8.461172],
              [115.521936, 8.460377],
              [115.50953, 8.490757]
            ]
          ],
          [
            [
              [111.925411, 8.070794],
              [111.954581, 8.106299],
              [112.013172, 8.093243],
              [112.018704, 8.065539],
              [111.965226, 8.047387],
              [111.925411, 8.070794]
            ]
          ],
          [
            [
              [110.608996, 8.010922],
              [110.641854, 8.030986],
              [110.642608, 7.988946],
              [110.608996, 8.010922]
            ]
          ],
          [
            [
              [110.460632, 7.799709],
              [110.485024, 7.82775],
              [110.511595, 7.805763],
              [110.487706, 7.783457],
              [110.460632, 7.799709]
            ]
          ],
          [
            [
              [111.539162, 7.544232],
              [111.56347, 7.602576],
              [111.612338, 7.592215],
              [111.583503, 7.543275],
              [111.539162, 7.544232]
            ]
          ],
          [
            [
              [112.248794, 3.945169],
              [112.259188, 3.973565],
              [112.284921, 3.947736],
              [112.248794, 3.945169]
            ]
          ],
          [
            [
              [112.221971, 3.880512],
              [112.243262, 3.906664],
              [112.266648, 3.87249],
              [112.221971, 3.880512]
            ]
          ],
          [
            [
              [111.658104, 8.672827],
              [111.697417, 8.679027],
              [111.717869, 8.649934],
              [111.665732, 8.622906],
              [111.658104, 8.672827]
            ]
          ],
          [
            [
              [116.080773, 10.804952],
              [116.102483, 10.827698],
              [116.111619, 10.791051],
              [116.080773, 10.804952]
            ]
          ],
          [
            [
              [117.266846, 10.691672],
              [117.292998, 10.735283],
              [117.369275, 10.742392],
              [117.418479, 10.702575],
              [117.404732, 10.670812],
              [117.266846, 10.691672]
            ]
          ],
          [
            [
              [116.045484, 10.095511],
              [116.070379, 10.129074],
              [116.096028, 10.093611],
              [116.070295, 10.064003],
              [116.045484, 10.095511]
            ]
          ],
          [
            [
              [114.598811, 8.84607],
              [114.617168, 8.881186],
              [114.665365, 8.899934],
              [114.682213, 8.881027],
              [114.645583, 8.84464],
              [114.598811, 8.84607]
            ]
          ],
          [
            [
              [114.868296, 7.98369],
              [114.914231, 8.007578],
              [114.920098, 7.972701],
              [114.88372, 7.954864],
              [114.868296, 7.98369]
            ]
          ],
          [
            [
              [111.67051, 7.65135],
              [111.691214, 7.711752],
              [111.726503, 7.730237],
              [111.749637, 7.704102],
              [111.707391, 7.6488],
              [111.67051, 7.65135]
            ]
          ],
          [
            [
              [114.854131, 7.244256],
              [114.869638, 7.198788],
              [114.819848, 7.192884],
              [114.854131, 7.244256]
            ]
          ],
          [
            [
              [113.599743, 6.962119],
              [113.621369, 6.947114],
              [113.580129, 6.920614],
              [113.599743, 6.962119]
            ]
          ],
          [
            [
              [112.5275, 5.794344],
              [112.561867, 5.820742],
              [112.562956, 5.759145],
              [112.5275, 5.794344]
            ]
          ],
          [
            [
              [117.348236, 10.090445],
              [117.373886, 10.106594],
              [117.385285, 10.063528],
              [117.348236, 10.090445]
            ]
          ],
          [
            [
              [112.244268, 8.874512],
              [112.288441, 8.885634],
              [112.281484, 8.854969],
              [112.244268, 8.874512]
            ]
          ],
          [
            [
              [111.638826, 7.907081],
              [111.651818, 7.932566],
              [111.713594, 7.92731],
              [111.707391, 7.886214],
              [111.638826, 7.907081]
            ]
          ],
          [
            [
              [112.892039, 7.844318],
              [112.931771, 7.867577],
              [112.929675, 7.82775],
              [112.892039, 7.844318]
            ]
          ],
          [
            [
              [112.523141, 5.656094],
              [112.52859, 5.687139],
              [112.561532, 5.677058],
              [112.56589, 5.630488],
              [112.545019, 5.616405],
              [112.523141, 5.656094]
            ]
          ],
          [
            [
              [112.583157, 5.561508],
              [112.616267, 5.56887],
              [112.639402, 5.480033],
              [112.614423, 5.465466],
              [112.583157, 5.561508]
            ]
          ],
          [
            [
              [112.650969, 5.106775],
              [112.678462, 5.12119],
              [112.718948, 5.07586],
              [112.682653, 5.048788],
              [112.652981, 5.060322],
              [112.650969, 5.106775]
            ]
          ],
          [
            [
              [112.557173, 5.109498],
              [112.601682, 5.119749],
              [112.610818, 5.091718],
              [112.569243, 5.071855],
              [112.557173, 5.109498]
            ]
          ],
          [
            [
              [112.907295, 4.99288],
              [112.911067, 5.038216],
              [112.952642, 5.047987],
              [112.943673, 4.991598],
              [112.907295, 4.99288]
            ]
          ],
          [
            [
              [111.553747, 7.807835],
              [111.603872, 7.861523],
              [111.619714, 7.840495],
              [111.58518, 7.771348],
              [111.553747, 7.807835]
            ]
          ],
          [
            [
              [114.9491, 7.508998],
              [115.013894, 7.526057],
              [115.012134, 7.484763],
              [114.981371, 7.476472],
              [114.9491, 7.508998]
            ]
          ],
          [
            [
              [112.611824, 5.367807],
              [112.623978, 5.401749],
              [112.691036, 5.406712],
              [112.685084, 5.37181],
              [112.640156, 5.347953],
              [112.611824, 5.367807]
            ]
          ],
          [
            [
              [116.7495, 9.056554],
              [116.740531, 9.028602],
              [116.699291, 9.048931],
              [116.7495, 9.056554]
            ]
          ],
          [
            [
              [115.758228, 10.46103],
              [115.801983, 10.463718],
              [115.776334, 10.434777],
              [115.758228, 10.46103]
            ]
          ],
          [
            [
              [112.512077, 9.544872],
              [112.567231, 9.553912],
              [112.568656, 9.51696],
              [112.508305, 9.525683],
              [112.512077, 9.544872]
            ]
          ],
          [
            [
              [117.299368, 11.07763],
              [117.304398, 11.027439],
              [117.264247, 11.062794],
              [117.299368, 11.07763]
            ]
          ],
          [
            [
              [117.690814, 11.048905],
              [117.690311, 11.016548],
              [117.653346, 11.046222],
              [117.690814, 11.048905]
            ]
          ],
          [
            [
              [114.166795, 9.384502],
              [114.194121, 9.391642],
              [114.175261, 9.342296],
              [114.166795, 9.384502]
            ]
          ]
        ]
      }
    }
  ]
}
